Vdot_m3ph;Head_m;Efficiency_pct;speed_pct;degree
0;	11.65495522; 0; 40; 2
1.03408046;	11.65582497;37.21110501;
2.06816092;	11.6039818;53.17537837;
2.468567498;	11.47608463;57.17981663;
3.031686677;	10.60605996;62.14202028;
3.899281063;	8.910869899;67.15639498;
4.811207733;	7.28791372;67.72011302;
4.813539222;	7.284002337;67.71478665;
5.796504426;	5.527459828;61.93554954;








