Vdot_m3ph;Head_m;Efficiency_pct;speed_pct;degree
0;	46.61982086;			0; 80; 2
2.06816092;	46.6232999;37.21110501;
4.136321839;	46.4159272;53.17537837;
4.937134995;	45.90433853;57.17981663;
6.063373355;	42.42423984;62.14202028;
7.798562126;	35.6434796;67.15639498;
9.622415466;	29.15165488;67.72011302;
9.627078445;	29.13600935;67.71478665;
11.59300885;	22.10983931;61.93554954;