Vdot_m3ph;Head_m;Efficiency_pct;speed_pct;degree
0;	26.22364924;			0; 60; 2
1.55112069;	26.22560619;37.21110501;
3.102241379; 26.10895905;53.17537837;
3.702851247;	25.82119043;57.17981663;
4.547530016;	23.86363491;62.14202028;
5.848921595;	20.04945727;67.15639498;
7.2168116;	16.39780587;67.72011302;
7.220308834;	16.38900526;67.71478665;
8.694756639;	12.43678461;61.93554954;