Vdot_m3ph;Head_m;Efficiency_pct;speed_pct;degree
0;	72.8434701;			0; 100; 2
2.585201149;	72.84890609;37.21110501;
5.170402299;	72.52488625;53.17537837;
6.171418744;	71.72552896;57.17981663;
7.579216694;	66.28787475;62.14202028;
9.748202658;	55.69293687;67.15639498;
12.02801933;	45.54946075;67.72011302;
12.03384806;	45.52501461;67.71478665;
14.49126107;	34.54662393;61.93554954;