Vdot_m3ph;Head_m;Efficiency_pct;speed_pct;degree
0;	9.16142055;			0; 40; 2
0.356233036;	8.776200658;			12.71346648;
0.575996016;	8.54017404 ;			16.8960411;
0.712466071;	8.370827184;			18.74015032;
1.068699107;	7.768818392;			21.80221555;
1.424932142;	6.825995442;			22.83070698;
1.781165178;	5.456232762;			21.60253394;
1.78133744 ;	5.455462094;			21.60128114;
2.137398213;	3.653628147;			17.31427466;


