Vdot_m3ph;Head_m;Efficiency_pct;speed_pct;degree
0;	20.61319624;			0; 60; 2
0.534349553;	19.74645148;			19.07019972;
0.863994024;	19.21539159;			25.34406165;
1.068699107;	18.83436116;			28.11022548;
1.60304866 ;	17.47984138;			32.70332333;
2.137398213;	15.35848974;			34.24606046;
2.671747767;	12.27652371;			32.40380091;
2.67200616 ;	12.27478971;			32.4019217;
3.20609732 ;	8.220663331;			25.97141199;

