Vdot_m3ph;Head_m;Efficiency_pct;speed_pct;degree
0;	57.25887844;			0; 100; 2
0.890582589;	54.85125411;			31.78366619;
1.43999004 ;	53.37608775;			42.24010275;
1.781165178;	52.3176699 ;			46.8503758;
2.671747767;	48.55511495;			54.50553889;
3.562330356;	42.66247151;			57.07676744;
4.452912944;	34.10145476;			54.00633485;
4.4533436  ;	34.09663809;			54.00320284;
5.343495533;	22.83517592;			43.28568665;

