Vdot_m3ph;Head_m;Efficiency_pct;speed_pct;degree
0;	28.85149802;	0; 60; 2
2.790800572;	27.9930941;			24.32411472;
5.581601145;	27.12992303;		35.28362283;
6.356565409;	26.79589234;		37.22613068;
8.372401717;	25.62759055;		41.01596237;
10.7629936; 	21.5305666;			43.79923604;
10.8072743; 	21.45752249;		43.82313098;
13.15433886;	17.45358495;		43.35955184;
15.58907092;	13.09206132;		38.57158978;
