Vdot_m3ph;Head_m;Efficiency_pct;speed_pct;degree
0;	12.82288801;			0;  40; 2
1.860533715;	12.44137515;			16.21607648;
3.72106743;	    12.05774357;			23.52241522;
4.237710273;	11.90928548;			24.81742045;
5.581601145;	11.39004024;			27.34397492;
7.175329064;	9.569140713;			29.19949069;
7.204849531;	9.536676661;			29.21542065;
8.769559242;	7.757148869;			28.90636789;
10.39271394;	5.818693921;			25.71439319;

