relative_travel;relative_flow;degree
0;      0.019132653;	 3
0.05;   0.020663265;
0.1;    0.025255102;
0.2;    0.051020408;
0.3;    0.109693878;
0.4;    0.206632653;
0.5;    0.339285714;
0.6;    0.494897959;
0.7;    0.645408163;
0.8;    0.783163265;
0.9;    0.895408163;
1;	1;
