relative_travel;relative_flow;degree
0;      0.012274368;	 0
0.05;   0.016606498;
0.1;    0.02166065;
0.2;    0.035379061;
0.3;    0.055234657;
0.4;    0.086281588;
0.5;    0.131407942;
0.6;    0.2;
0.7;    0.303610108;
0.8;    0.44765343;
0.9;    0.653429603;
1;	1;
